ID,Date,Nameday,Period,YEAR,MONTH,DAY,INPUT
1,1/1/2024,Monday,1,2024,1,1,78.450
2,1/1/2024,Monday,2,2024,1,1,78.450
3,1/1/2024,Monday,3,2024,1,1,73.070
4,1/1/2024,Monday,4,2024,1,1,65.620
5,1/1/2024,Monday,5,2024,1,1,64.560
6,1/1/2024,Monday,6,2024,1,1,64.490
7,1/1/2024,Monday,7,2024,1,1,65.200
8,1/1/2024,Monday,8,2024,1,1,71.030
9,1/1/2024,Monday,9,2024,1,1,65.000
10,1/1/2024,Monday,10,2024,1,1,68.020
11,1/1/2024,Monday,11,2024,1,1,67.630
12,1/1/2024,Monday,12,2024,1,1,69.360
13,1/1/2024,Monday,13,2024,1,1,70.000
14,1/1/2024,Monday,14,2024,1,1,66.300
15,1/1/2024,Monday,15,2024,1,1,70.000
16,1/1/2024,Monday,16,2024,1,1,75.140
17,1/1/2024,Monday,17,2024,1,1,77.010
18,1/1/2024,Monday,18,2024,1,1,77.010
19,1/1/2024,Monday,19,2024,1,1,76.820
20,1/1/2024,Monday,20,2024,1,1,77.010
21,1/1/2024,Monday,21,2024,1,1,77.350
22,1/1/2024,Monday,22,2024,1,1,77.120
23,1/1/2024,Monday,23,2024,1,1,77.010
24,1/1/2024,Monday,24,2024,1,1,72.000
25,1/2/2024,Tuesday,1,2024,1,2,66.020
26,1/2/2024,Tuesday,2,2024,1,2,77.010
27,1/2/2024,Tuesday,3,2024,1,2,72.360
28,1/2/2024,Tuesday,4,2024,1,2,69.120
29,1/2/2024,Tuesday,5,2024,1,2,67.450
30,1/2/2024,Tuesday,6,2024,1,2,66.120
31,1/2/2024,Tuesday,7,2024,1,2,68.000
32,1/2/2024,Tuesday,8,2024,1,2,72.030
33,1/2/2024,Tuesday,9,2024,1,2,68.600
34,1/2/2024,Tuesday,10,2024,1,2,75.000
35,1/2/2024,Tuesday,11,2024,1,2,72.030
36,1/2/2024,Tuesday,12,2024,1,2,65.560
37,1/2/2024,Tuesday,13,2024,1,2,65.550
38,1/2/2024,Tuesday,14,2024,1,2,65.280
39,1/2/2024,Tuesday,15,2024,1,2,68.600
40,1/2/2024,Tuesday,16,2024,1,2,74.480
41,1/2/2024,Tuesday,17,2024,1,2,75.000
42,1/2/2024,Tuesday,18,2024,1,2,75.470
43,1/2/2024,Tuesday,19,2024,1,2,75.370
44,1/2/2024,Tuesday,20,2024,1,2,75.470
45,1/2/2024,Tuesday,21,2024,1,2,76.340
46,1/2/2024,Tuesday,22,2024,1,2,77.010
47,1/2/2024,Tuesday,23,2024,1,2,77.010
48,1/2/2024,Tuesday,24,2024,1,2,75.510
49,1/3/2024,Wednesday,1,2024,1,3,67.450
50,1/3/2024,Wednesday,2,2024,1,3,75.000
51,1/3/2024,Wednesday,3,2024,1,3,70.000
52,1/3/2024,Wednesday,4,2024,1,3,65.550
53,1/3/2024,Wednesday,5,2024,1,3,63.990
54,1/3/2024,Wednesday,6,2024,1,3,63.110
55,1/3/2024,Wednesday,7,2024,1,3,65.000
56,1/3/2024,Wednesday,8,2024,1,3,69.060
57,1/3/2024,Wednesday,9,2024,1,3,68.600
58,1/3/2024,Wednesday,10,2024,1,3,71.570
59,1/3/2024,Wednesday,11,2024,1,3,65.620
60,1/3/2024,Wednesday,12,2024,1,3,64.570
61,1/3/2024,Wednesday,13,2024,1,3,63.790
62,1/3/2024,Wednesday,14,2024,1,3,63.470
63,1/3/2024,Wednesday,15,2024,1,3,63.220
64,1/3/2024,Wednesday,16,2024,1,3,63.210
65,1/3/2024,Wednesday,17,2024,1,3,63.540
66,1/3/2024,Wednesday,18,2024,1,3,70.000
67,1/3/2024,Wednesday,19,2024,1,3,74.960
68,1/3/2024,Wednesday,20,2024,1,3,75.550
69,1/3/2024,Wednesday,21,2024,1,3,76.900
70,1/3/2024,Wednesday,22,2024,1,3,77.010
71,1/3/2024,Wednesday,23,2024,1,3,74.700
72,1/3/2024,Wednesday,24,2024,1,3,69.060
73,1/4/2024,Thursday,1,2024,1,4,65.000
74,1/4/2024,Thursday,2,2024,1,4,74.010
75,1/4/2024,Thursday,3,2024,1,4,70.000
76,1/4/2024,Thursday,4,2024,1,4,65.970
77,1/4/2024,Thursday,5,2024,1,4,61.610
78,1/4/2024,Thursday,6,2024,1,4,61.030
79,1/4/2024,Thursday,7,2024,1,4,61.030
80,1/4/2024,Thursday,8,2024,1,4,60.250
81,1/4/2024,Thursday,9,2024,1,4,61.610
82,1/4/2024,Thursday,10,2024,1,4,60.230
83,1/4/2024,Thursday,11,2024,1,4,60.000
84,1/4/2024,Thursday,12,2024,1,4,59.450
85,1/4/2024,Thursday,13,2024,1,4,58.810
86,1/4/2024,Thursday,14,2024,1,4,58.250
87,1/4/2024,Thursday,15,2024,1,4,57.900
88,1/4/2024,Thursday,16,2024,1,4,57.900
89,1/4/2024,Thursday,17,2024,1,4,57.900
90,1/4/2024,Thursday,18,2024,1,4,59.210
91,1/4/2024,Thursday,19,2024,1,4,61.030
92,1/4/2024,Thursday,20,2024,1,4,66.150
93,1/4/2024,Thursday,21,2024,1,4,70.200
94,1/4/2024,Thursday,22,2024,1,4,77.010
95,1/4/2024,Thursday,23,2024,1,4,71.940
96,1/4/2024,Thursday,24,2024,1,4,68.380
97,1/5/2024,Friday,1,2024,1,5,65.000
98,1/5/2024,Friday,2,2024,1,5,68.500
99,1/5/2024,Friday,3,2024,1,5,64.240
100,1/5/2024,Friday,4,2024,1,5,61.610
101,1/5/2024,Friday,5,2024,1,5,61.610
102,1/5/2024,Friday,6,2024,1,5,61.030
103,1/5/2024,Friday,7,2024,1,5,61.030
104,1/5/2024,Friday,8,2024,1,5,58.620
105,1/5/2024,Friday,9,2024,1,5,56.730
106,1/5/2024,Friday,10,2024,1,5,55.000
107,1/5/2024,Friday,11,2024,1,5,55.530
108,1/5/2024,Friday,12,2024,1,5,59.250
109,1/5/2024,Friday,13,2024,1,5,55.000
110,1/5/2024,Friday,14,2024,1,5,55.000
111,1/5/2024,Friday,15,2024,1,5,55.000
112,1/5/2024,Friday,16,2024,1,5,55.000
113,1/5/2024,Friday,17,2024,1,5,55.000
114,1/5/2024,Friday,18,2024,1,5,55.970
115,1/5/2024,Friday,19,2024,1,5,60.640
116,1/5/2024,Friday,20,2024,1,5,62.660
117,1/5/2024,Friday,21,2024,1,5,68.590
118,1/5/2024,Friday,22,2024,1,5,77.010
119,1/5/2024,Friday,23,2024,1,5,77.290
120,1/5/2024,Friday,24,2024,1,5,70.860
121,1/6/2024,Saturday,1,2024,1,6,65.500
122,1/6/2024,Saturday,2,2024,1,6,63.710
123,1/6/2024,Saturday,3,2024,1,6,62.360
124,1/6/2024,Saturday,4,2024,1,6,60.550
125,1/6/2024,Saturday,5,2024,1,6,59.460
126,1/6/2024,Saturday,6,2024,1,6,59.450
127,1/6/2024,Saturday,7,2024,1,6,59.520
128,1/6/2024,Saturday,8,2024,1,6,61.000
129,1/6/2024,Saturday,9,2024,1,6,64.940
130,1/6/2024,Saturday,10,2024,1,6,68.010
131,1/6/2024,Saturday,11,2024,1,6,68.340
132,1/6/2024,Saturday,12,2024,1,6,65.940
133,1/6/2024,Saturday,13,2024,1,6,62.810
134,1/6/2024,Saturday,14,2024,1,6,62.360
135,1/6/2024,Saturday,15,2024,1,6,62.360
136,1/6/2024,Saturday,16,2024,1,6,62.410
137,1/6/2024,Saturday,17,2024,1,6,64.450
138,1/6/2024,Saturday,18,2024,1,6,69.120
139,1/6/2024,Saturday,19,2024,1,6,71.910
140,1/6/2024,Saturday,20,2024,1,6,76.420
141,1/6/2024,Saturday,21,2024,1,6,79.310
142,1/6/2024,Saturday,22,2024,1,6,79.960
143,1/6/2024,Saturday,23,2024,1,6,78.430
144,1/6/2024,Saturday,24,2024,1,6,71.610
145,1/7/2024,Sunday,1,2024,1,7,66.000
146,1/7/2024,Sunday,2,2024,1,7,67.840
147,1/7/2024,Sunday,3,2024,1,7,65.440
148,1/7/2024,Sunday,4,2024,1,7,62.460
149,1/7/2024,Sunday,5,2024,1,7,61.590
150,1/7/2024,Sunday,6,2024,1,7,60.550
151,1/7/2024,Sunday,7,2024,1,7,62.360
152,1/7/2024,Sunday,8,2024,1,7,62.000
153,1/7/2024,Sunday,9,2024,1,7,64.450
154,1/7/2024,Sunday,10,2024,1,7,66.800
155,1/7/2024,Sunday,11,2024,1,7,70.440
156,1/7/2024,Sunday,12,2024,1,7,69.000
157,1/7/2024,Sunday,13,2024,1,7,67.940
158,1/7/2024,Sunday,14,2024,1,7,66.920
159,1/7/2024,Sunday,15,2024,1,7,65.750
160,1/7/2024,Sunday,16,2024,1,7,66.110
161,1/7/2024,Sunday,17,2024,1,7,66.990
162,1/7/2024,Sunday,18,2024,1,7,69.120
163,1/7/2024,Sunday,19,2024,1,7,72.000
164,1/7/2024,Sunday,20,2024,1,7,77.870
165,1/7/2024,Sunday,21,2024,1,7,79.960
166,1/7/2024,Sunday,22,2024,1,7,79.000
167,1/7/2024,Sunday,23,2024,1,7,76.000
168,1/7/2024,Sunday,24,2024,1,7,67.480
169,1/8/2024,Monday,1,2024,1,8,64.450
170,1/8/2024,Monday,2,2024,1,8,69.500
171,1/8/2024,Monday,3,2024,1,8,65.500
172,1/8/2024,Monday,4,2024,1,8,64.450
173,1/8/2024,Monday,5,2024,1,8,62.460
174,1/8/2024,Monday,6,2024,1,8,62.360
175,1/8/2024,Monday,7,2024,1,8,64.450
176,1/8/2024,Monday,8,2024,1,8,64.450
177,1/8/2024,Monday,9,2024,1,8,67.840
178,1/8/2024,Monday,10,2024,1,8,68.020
179,1/8/2024,Monday,11,2024,1,8,67.840
180,1/8/2024,Monday,12,2024,1,8,67.840
181,1/8/2024,Monday,13,2024,1,8,68.050
182,1/8/2024,Monday,14,2024,1,8,67.840
183,1/8/2024,Monday,15,2024,1,8,69.000
184,1/8/2024,Monday,16,2024,1,8,70.590
185,1/8/2024,Monday,17,2024,1,8,71.050
186,1/8/2024,Monday,18,2024,1,8,74.570
187,1/8/2024,Monday,19,2024,1,8,76.050
188,1/8/2024,Monday,20,2024,1,8,79.960
189,1/8/2024,Monday,21,2024,1,8,80.380
190,1/8/2024,Monday,22,2024,1,8,80.380
191,1/8/2024,Monday,23,2024,1,8,79.960
192,1/8/2024,Monday,24,2024,1,8,75.940
193,1/9/2024,Tuesday,1,2024,1,9,65.440
194,1/9/2024,Tuesday,2,2024,1,9,64.000
195,1/9/2024,Tuesday,3,2024,1,9,62.460
196,1/9/2024,Tuesday,4,2024,1,9,62.000
197,1/9/2024,Tuesday,5,2024,1,9,61.900
198,1/9/2024,Tuesday,6,2024,1,9,61.510
199,1/9/2024,Tuesday,7,2024,1,9,61.900
200,1/9/2024,Tuesday,8,2024,1,9,61.910
201,1/9/2024,Tuesday,9,2024,1,9,62.490
202,1/9/2024,Tuesday,10,2024,1,9,63.900
203,1/9/2024,Tuesday,11,2024,1,9,64.880
204,1/9/2024,Tuesday,12,2024,1,9,64.670
205,1/9/2024,Tuesday,13,2024,1,9,64.590
206,1/9/2024,Tuesday,14,2024,1,9,62.770
207,1/9/2024,Tuesday,15,2024,1,9,62.000
208,1/9/2024,Tuesday,16,2024,1,9,62.360
209,1/9/2024,Tuesday,17,2024,1,9,63.580
210,1/9/2024,Tuesday,18,2024,1,9,65.100
211,1/9/2024,Tuesday,19,2024,1,9,66.330
212,1/9/2024,Tuesday,20,2024,1,9,69.090
213,1/9/2024,Tuesday,21,2024,1,9,72.870
214,1/9/2024,Tuesday,22,2024,1,9,73.000
215,1/9/2024,Tuesday,23,2024,1,9,69.090
216,1/9/2024,Tuesday,24,2024,1,9,63.490
217,1/10/2024,Wednesday,1,2024,1,10,62.360
218,1/10/2024,Wednesday,2,2024,1,10,73.040
219,1/10/2024,Wednesday,3,2024,1,10,73.040
220,1/10/2024,Wednesday,4,2024,1,10,72.870
221,1/10/2024,Wednesday,5,2024,1,10,65.790
222,1/10/2024,Wednesday,6,2024,1,10,62.960
223,1/10/2024,Wednesday,7,2024,1,10,62.960
224,1/10/2024,Wednesday,8,2024,1,10,63.500
225,1/10/2024,Wednesday,9,2024,1,10,69.100
226,1/10/2024,Wednesday,10,2024,1,10,72.870
227,1/10/2024,Wednesday,11,2024,1,10,69.250
228,1/10/2024,Wednesday,12,2024,1,10,69.230
229,1/10/2024,Wednesday,13,2024,1,10,68.760
230,1/10/2024,Wednesday,14,2024,1,10,68.000
231,1/10/2024,Wednesday,15,2024,1,10,65.160
232,1/10/2024,Wednesday,16,2024,1,10,67.740
233,1/10/2024,Wednesday,17,2024,1,10,65.430
234,1/10/2024,Wednesday,18,2024,1,10,65.660
235,1/10/2024,Wednesday,19,2024,1,10,66.270
236,1/10/2024,Wednesday,20,2024,1,10,67.260
237,1/10/2024,Wednesday,21,2024,1,10,72.870
238,1/10/2024,Wednesday,22,2024,1,10,73.040
239,1/10/2024,Wednesday,23,2024,1,10,72.870
240,1/10/2024,Wednesday,24,2024,1,10,64.490
241,1/11/2024,Thursday,1,2024,1,11,62.790
242,1/11/2024,Thursday,2,2024,1,11,72.870
243,1/11/2024,Thursday,3,2024,1,11,72.870
244,1/11/2024,Thursday,4,2024,1,11,72.870
245,1/11/2024,Thursday,5,2024,1,11,72.870
246,1/11/2024,Thursday,6,2024,1,11,72.870
247,1/11/2024,Thursday,7,2024,1,11,72.870
248,1/11/2024,Thursday,8,2024,1,11,64.470
249,1/11/2024,Thursday,9,2024,1,11,72.870
250,1/11/2024,Thursday,10,2024,1,11,72.870
251,1/11/2024,Thursday,11,2024,1,11,72.870
252,1/11/2024,Thursday,12,2024,1,11,62.960
253,1/11/2024,Thursday,13,2024,1,11,62.360
254,1/11/2024,Thursday,14,2024,1,11,62.360
255,1/11/2024,Thursday,15,2024,1,11,60.550
256,1/11/2024,Thursday,16,2024,1,11,60.550
257,1/11/2024,Thursday,17,2024,1,11,59.550
258,1/11/2024,Thursday,18,2024,1,11,59.690
259,1/11/2024,Thursday,19,2024,1,11,62.360
260,1/11/2024,Thursday,20,2024,1,11,62.960
261,1/11/2024,Thursday,21,2024,1,11,71.550
262,1/11/2024,Thursday,22,2024,1,11,73.040
263,1/11/2024,Thursday,23,2024,1,11,72.870
264,1/11/2024,Thursday,24,2024,1,11,63.250
265,1/12/2024,Friday,1,2024,1,12,62.360
266,1/12/2024,Friday,2,2024,1,12,62.960
267,1/12/2024,Friday,3,2024,1,12,62.360
268,1/12/2024,Friday,4,2024,1,12,61.000
269,1/12/2024,Friday,5,2024,1,12,59.550
270,1/12/2024,Friday,6,2024,1,12,60.550
271,1/12/2024,Friday,7,2024,1,12,59.550
272,1/12/2024,Friday,8,2024,1,12,59.470
273,1/12/2024,Friday,9,2024,1,12,59.460
274,1/12/2024,Friday,10,2024,1,12,57.920
275,1/12/2024,Friday,11,2024,1,12,58.000
276,1/12/2024,Friday,12,2024,1,12,59.470
277,1/12/2024,Friday,13,2024,1,12,60.170
278,1/12/2024,Friday,14,2024,1,12,59.460
279,1/12/2024,Friday,15,2024,1,12,58.120
280,1/12/2024,Friday,16,2024,1,12,58.370
281,1/12/2024,Friday,17,2024,1,12,59.000
282,1/12/2024,Friday,18,2024,1,12,60.550
283,1/12/2024,Friday,19,2024,1,12,62.000
284,1/12/2024,Friday,20,2024,1,12,62.360
285,1/12/2024,Friday,21,2024,1,12,69.050
286,1/12/2024,Friday,22,2024,1,12,73.040
287,1/12/2024,Friday,23,2024,1,12,73.040
288,1/12/2024,Friday,24,2024,1,12,66.460
289,1/13/2024,Saturday,1,2024,1,13,62.960
290,1/13/2024,Saturday,2,2024,1,13,64.010
291,1/13/2024,Saturday,3,2024,1,13,62.820
292,1/13/2024,Saturday,4,2024,1,13,60.020
293,1/13/2024,Saturday,5,2024,1,13,59.420
294,1/13/2024,Saturday,6,2024,1,13,58.490
295,1/13/2024,Saturday,7,2024,1,13,59.420
296,1/13/2024,Saturday,8,2024,1,13,59.080
297,1/13/2024,Saturday,9,2024,1,13,60.790
298,1/13/2024,Saturday,10,2024,1,13,61.930
299,1/13/2024,Saturday,11,2024,1,13,62.230
300,1/13/2024,Saturday,12,2024,1,13,61.380
301,1/13/2024,Saturday,13,2024,1,13,62.000
302,1/13/2024,Saturday,14,2024,1,13,61.910
303,1/13/2024,Saturday,15,2024,1,13,59.810
304,1/13/2024,Saturday,16,2024,1,13,59.420
305,1/13/2024,Saturday,17,2024,1,13,60.010
306,1/13/2024,Saturday,18,2024,1,13,61.990
307,1/13/2024,Saturday,19,2024,1,13,62.230
308,1/13/2024,Saturday,20,2024,1,13,63.870
309,1/13/2024,Saturday,21,2024,1,13,65.410
310,1/13/2024,Saturday,22,2024,1,13,69.100
311,1/13/2024,Saturday,23,2024,1,13,64.240
312,1/13/2024,Saturday,24,2024,1,13,62.820
313,1/14/2024,Sunday,1,2024,1,14,60.020
314,1/14/2024,Sunday,2,2024,1,14,61.010
315,1/14/2024,Sunday,3,2024,1,14,62.230
316,1/14/2024,Sunday,4,2024,1,14,60.000
317,1/14/2024,Sunday,5,2024,1,14,59.420
318,1/14/2024,Sunday,6,2024,1,14,59.420
319,1/14/2024,Sunday,7,2024,1,14,60.420
320,1/14/2024,Sunday,8,2024,1,14,60.000
321,1/14/2024,Sunday,9,2024,1,14,61.710
322,1/14/2024,Sunday,10,2024,1,14,64.070
323,1/14/2024,Sunday,11,2024,1,14,64.390
324,1/14/2024,Sunday,12,2024,1,14,64.030
325,1/14/2024,Sunday,13,2024,1,14,63.530
326,1/14/2024,Sunday,14,2024,1,14,62.230
327,1/14/2024,Sunday,15,2024,1,14,62.230
328,1/14/2024,Sunday,16,2024,1,14,62.820
329,1/14/2024,Sunday,17,2024,1,14,63.130
330,1/14/2024,Sunday,18,2024,1,14,64.080
331,1/14/2024,Sunday,19,2024,1,14,65.000
332,1/14/2024,Sunday,20,2024,1,14,65.620
333,1/14/2024,Sunday,21,2024,1,14,66.000
334,1/14/2024,Sunday,22,2024,1,14,70.100
335,1/14/2024,Sunday,23,2024,1,14,67.450
336,1/14/2024,Sunday,24,2024,1,14,64.980
337,1/15/2024,Monday,1,2024,1,15,62.820
338,1/15/2024,Monday,2,2024,1,15,65.120
339,1/15/2024,Monday,3,2024,1,15,65.120
340,1/15/2024,Monday,4,2024,1,15,61.820
341,1/15/2024,Monday,5,2024,1,15,61.820
342,1/15/2024,Monday,6,2024,1,15,62.820
343,1/15/2024,Monday,7,2024,1,15,66.680
344,1/15/2024,Monday,8,2024,1,15,65.040
345,1/15/2024,Monday,9,2024,1,15,65.040
346,1/15/2024,Monday,10,2024,1,15,62.820
347,1/15/2024,Monday,11,2024,1,15,61.240
348,1/15/2024,Monday,12,2024,1,15,60.420
349,1/15/2024,Monday,13,2024,1,15,60.000
350,1/15/2024,Monday,14,2024,1,15,59.390
351,1/15/2024,Monday,15,2024,1,15,53.000
352,1/15/2024,Monday,16,2024,1,15,51.000
353,1/15/2024,Monday,17,2024,1,15,57.380
354,1/15/2024,Monday,18,2024,1,15,60.420
355,1/15/2024,Monday,19,2024,1,15,62.820
356,1/15/2024,Monday,20,2024,1,15,65.000
357,1/15/2024,Monday,21,2024,1,15,71.160
358,1/15/2024,Monday,22,2024,1,15,74.610
359,1/15/2024,Monday,23,2024,1,15,74.610
360,1/15/2024,Monday,24,2024,1,15,74.610
361,1/16/2024,Tuesday,1,2024,1,16,71.140
362,1/16/2024,Tuesday,2,2024,1,16,73.270
363,1/16/2024,Tuesday,3,2024,1,16,73.440
364,1/16/2024,Tuesday,4,2024,1,16,73.270
365,1/16/2024,Tuesday,5,2024,1,16,68.830
366,1/16/2024,Tuesday,6,2024,1,16,61.820
367,1/16/2024,Tuesday,7,2024,1,16,73.270
368,1/16/2024,Tuesday,8,2024,1,16,67.640
369,1/16/2024,Tuesday,9,2024,1,16,73.270
370,1/16/2024,Tuesday,10,2024,1,16,73.270
371,1/16/2024,Tuesday,11,2024,1,16,65.040
372,1/16/2024,Tuesday,12,2024,1,16,62.820
373,1/16/2024,Tuesday,13,2024,1,16,61.620
374,1/16/2024,Tuesday,14,2024,1,16,62.820
375,1/16/2024,Tuesday,15,2024,1,16,61.000
376,1/16/2024,Tuesday,16,2024,1,16,62.820
377,1/16/2024,Tuesday,17,2024,1,16,65.000
378,1/16/2024,Tuesday,18,2024,1,16,65.660
379,1/16/2024,Tuesday,19,2024,1,16,73.270
380,1/16/2024,Tuesday,20,2024,1,16,73.270
381,1/16/2024,Tuesday,21,2024,1,16,73.270
382,1/16/2024,Tuesday,22,2024,1,16,74.610
383,1/16/2024,Tuesday,23,2024,1,16,73.440
384,1/16/2024,Tuesday,24,2024,1,16,70.690
385,1/17/2024,Wednesday,1,2024,1,17,65.680
386,1/17/2024,Wednesday,2,2024,1,17,65.050
387,1/17/2024,Wednesday,3,2024,1,17,62.610
388,1/17/2024,Wednesday,4,2024,1,17,61.820
389,1/17/2024,Wednesday,5,2024,1,17,61.000
390,1/17/2024,Wednesday,6,2024,1,17,61.000
391,1/17/2024,Wednesday,7,2024,1,17,61.820
392,1/17/2024,Wednesday,8,2024,1,17,61.820
393,1/17/2024,Wednesday,9,2024,1,17,62.820
394,1/17/2024,Wednesday,10,2024,1,17,63.990
395,1/17/2024,Wednesday,11,2024,1,17,64.390
396,1/17/2024,Wednesday,12,2024,1,17,63.000
397,1/17/2024,Wednesday,13,2024,1,17,62.820
398,1/17/2024,Wednesday,14,2024,1,17,61.960
399,1/17/2024,Wednesday,15,2024,1,17,59.270
400,1/17/2024,Wednesday,16,2024,1,17,59.420
401,1/17/2024,Wednesday,17,2024,1,17,62.060
402,1/17/2024,Wednesday,18,2024,1,17,64.000
403,1/17/2024,Wednesday,19,2024,1,17,65.000
404,1/17/2024,Wednesday,20,2024,1,17,65.410
405,1/17/2024,Wednesday,21,2024,1,17,66.620
406,1/17/2024,Wednesday,22,2024,1,17,73.440
407,1/17/2024,Wednesday,23,2024,1,17,73.270
408,1/17/2024,Wednesday,24,2024,1,17,65.060
409,1/18/2024,Thursday,1,2024,1,18,63.850
410,1/18/2024,Thursday,2,2024,1,18,62.500
411,1/18/2024,Thursday,3,2024,1,18,60.000
412,1/18/2024,Thursday,4,2024,1,18,60.470
413,1/18/2024,Thursday,5,2024,1,18,60.000
414,1/18/2024,Thursday,6,2024,1,18,60.000
415,1/18/2024,Thursday,7,2024,1,18,60.000
416,1/18/2024,Thursday,8,2024,1,18,60.000
417,1/18/2024,Thursday,9,2024,1,18,60.470
418,1/18/2024,Thursday,10,2024,1,18,60.000
419,1/18/2024,Thursday,11,2024,1,18,59.420
420,1/18/2024,Thursday,12,2024,1,18,58.190
421,1/18/2024,Thursday,13,2024,1,18,57.970
422,1/18/2024,Thursday,14,2024,1,18,57.980
423,1/18/2024,Thursday,15,2024,1,18,57.400
424,1/18/2024,Thursday,16,2024,1,18,57.110
425,1/18/2024,Thursday,17,2024,1,18,58.110
426,1/18/2024,Thursday,18,2024,1,18,59.420
427,1/18/2024,Thursday,19,2024,1,18,60.470
428,1/18/2024,Thursday,20,2024,1,18,64.000
429,1/18/2024,Thursday,21,2024,1,18,73.270
430,1/18/2024,Thursday,22,2024,1,18,74.440
431,1/18/2024,Thursday,23,2024,1,18,73.270
432,1/18/2024,Thursday,24,2024,1,18,66.070
433,1/19/2024,Friday,1,2024,1,19,62.500
434,1/19/2024,Friday,2,2024,1,19,63.190
435,1/19/2024,Friday,3,2024,1,19,61.820
436,1/19/2024,Friday,4,2024,1,19,73.270
437,1/19/2024,Friday,5,2024,1,19,61.820
438,1/19/2024,Friday,6,2024,1,19,61.230
439,1/19/2024,Friday,7,2024,1,19,61.230
440,1/19/2024,Friday,8,2024,1,19,61.230
441,1/19/2024,Friday,9,2024,1,19,61.000
442,1/19/2024,Friday,10,2024,1,19,60.000
443,1/19/2024,Friday,11,2024,1,19,56.950
444,1/19/2024,Friday,12,2024,1,19,56.480
445,1/19/2024,Friday,13,2024,1,19,55.530
446,1/19/2024,Friday,14,2024,1,19,55.540
447,1/19/2024,Friday,15,2024,1,19,53.440
448,1/19/2024,Friday,16,2024,1,19,55.520
449,1/19/2024,Friday,17,2024,1,19,58.810
450,1/19/2024,Friday,18,2024,1,19,61.040
451,1/19/2024,Friday,19,2024,1,19,62.000
452,1/19/2024,Friday,20,2024,1,19,62.820
453,1/19/2024,Friday,21,2024,1,19,73.270
454,1/19/2024,Friday,22,2024,1,19,73.440
455,1/19/2024,Friday,23,2024,1,19,73.270
456,1/19/2024,Friday,24,2024,1,19,65.000
457,1/20/2024,Saturday,1,2024,1,20,62.850
458,1/20/2024,Saturday,2,2024,1,20,63.190
459,1/20/2024,Saturday,3,2024,1,20,61.820
460,1/20/2024,Saturday,4,2024,1,20,73.270
461,1/20/2024,Saturday,5,2024,1,20,61.820
462,1/20/2024,Saturday,6,2024,1,20,61.230
463,1/20/2024,Saturday,7,2024,1,20,61.230
464,1/20/2024,Saturday,8,2024,1,20,61.230
465,1/20/2024,Saturday,9,2024,1,20,61.000
466,1/20/2024,Saturday,10,2024,1,20,60.000
467,1/20/2024,Saturday,11,2024,1,20,56.950
468,1/20/2024,Saturday,12,2024,1,20,56.480
469,1/20/2024,Saturday,13,2024,1,20,55.530
470,1/20/2024,Saturday,14,2024,1,20,55.540
471,1/20/2024,Saturday,15,2024,1,20,53.440
472,1/20/2024,Saturday,16,2024,1,20,55.520
473,1/20/2024,Saturday,17,2024,1,20,58.810
474,1/20/2024,Saturday,18,2024,1,20,61.040
475,1/20/2024,Saturday,19,2024,1,20,62.000
476,1/20/2024,Saturday,20,2024,1,20,62.820
477,1/20/2024,Saturday,21,2024,1,20,73.270
478,1/20/2024,Saturday,22,2024,1,20,73.440
479,1/20/2024,Saturday,23,2024,1,20,73.270
480,1/20/2024,Saturday,24,2024,1,20,65.000
481,1/21/2024,Sunday,1,2024,1,21,62.850
482,1/21/2024,Sunday,2,2024,1,21,65.270
483,1/21/2024,Sunday,3,2024,1,21,62.920
484,1/21/2024,Sunday,4,2024,1,21,62.360
485,1/21/2024,Sunday,5,2024,1,21,61.060
486,1/21/2024,Sunday,6,2024,1,21,61.060
487,1/21/2024,Sunday,7,2024,1,21,62.900
488,1/21/2024,Sunday,8,2024,1,21,65.000
489,1/21/2024,Sunday,9,2024,1,21,69.070
490,1/21/2024,Sunday,10,2024,1,21,67.330
491,1/21/2024,Sunday,11,2024,1,21,65.280
492,1/21/2024,Sunday,12,2024,1,21,63.490
493,1/21/2024,Sunday,13,2024,1,21,63.490
494,1/21/2024,Sunday,14,2024,1,21,63.490
495,1/21/2024,Sunday,15,2024,1,21,63.000
496,1/21/2024,Sunday,16,2024,1,21,63.000
497,1/21/2024,Sunday,17,2024,1,21,63.490
498,1/21/2024,Sunday,18,2024,1,21,69.000
499,1/21/2024,Sunday,19,2024,1,21,71.100
500,1/21/2024,Sunday,20,2024,1,21,74.900
501,1/21/2024,Sunday,21,2024,1,21,75.780
502,1/21/2024,Sunday,22,2024,1,21,75.540
503,1/21/2024,Sunday,23,2024,1,21,73.070
504,1/21/2024,Sunday,24,2024,1,21,68.930
505,1/22/2024,Monday,1,2024,1,22,64.580
506,1/22/2024,Monday,2,2024,1,22,66.430
507,1/22/2024,Monday,3,2024,1,22,62.880
508,1/22/2024,Monday,4,2024,1,22,61.930
509,1/22/2024,Monday,5,2024,1,22,61.060
510,1/22/2024,Monday,6,2024,1,22,61.060
511,1/22/2024,Monday,7,2024,1,22,62.000
512,1/22/2024,Monday,8,2024,1,22,66.060
513,1/22/2024,Monday,9,2024,1,22,70.000
514,1/22/2024,Monday,10,2024,1,22,64.000
515,1/22/2024,Monday,11,2024,1,22,62.490
516,1/22/2024,Monday,12,2024,1,22,61.880
517,1/22/2024,Monday,13,2024,1,22,61.450
518,1/22/2024,Monday,14,2024,1,22,61.460
519,1/22/2024,Monday,15,2024,1,22,61.450
520,1/22/2024,Monday,16,2024,1,22,61.470
521,1/22/2024,Monday,17,2024,1,22,61.880
522,1/22/2024,Monday,18,2024,1,22,70.670
523,1/22/2024,Monday,19,2024,1,22,74.950
524,1/22/2024,Monday,20,2024,1,22,75.780
525,1/22/2024,Monday,21,2024,1,22,75.780
526,1/22/2024,Monday,22,2024,1,22,80.520
527,1/22/2024,Monday,23,2024,1,22,75.800
528,1/22/2024,Monday,24,2024,1,22,73.620
529,1/23/2024,Tuesday,1,2024,1,23,67.430
530,1/23/2024,Tuesday,2,2024,1,23,67.900
531,1/23/2024,Tuesday,3,2024,1,23,63.490
532,1/23/2024,Tuesday,4,2024,1,23,61.340
533,1/23/2024,Tuesday,5,2024,1,23,61.060
534,1/23/2024,Tuesday,6,2024,1,23,61.000
535,1/23/2024,Tuesday,7,2024,1,23,61.500
536,1/23/2024,Tuesday,8,2024,1,23,66.670
537,1/23/2024,Tuesday,9,2024,1,23,69.910
538,1/23/2024,Tuesday,10,2024,1,23,73.770
539,1/23/2024,Tuesday,11,2024,1,23,71.980
540,1/23/2024,Tuesday,12,2024,1,23,70.100
541,1/23/2024,Tuesday,13,2024,1,23,66.100
542,1/23/2024,Tuesday,14,2024,1,23,65.000
543,1/23/2024,Tuesday,15,2024,1,23,65.000
544,1/23/2024,Tuesday,16,2024,1,23,65.000
545,1/23/2024,Tuesday,17,2024,1,23,67.000
546,1/23/2024,Tuesday,18,2024,1,23,67.860
547,1/23/2024,Tuesday,19,2024,1,23,70.000
548,1/23/2024,Tuesday,20,2024,1,23,73.020
549,1/23/2024,Tuesday,21,2024,1,23,74.140
550,1/23/2024,Tuesday,22,2024,1,23,74.190
551,1/23/2024,Tuesday,23,2024,1,23,72.820
552,1/23/2024,Tuesday,24,2024,1,23,69.890
553,1/24/2024,Wednesday,1,2024,1,24,64.000
554,1/24/2024,Wednesday,2,2024,1,24,70.840
555,1/24/2024,Wednesday,3,2024,1,24,66.000
556,1/24/2024,Wednesday,4,2024,1,24,62.880
557,1/24/2024,Wednesday,5,2024,1,24,62.630
558,1/24/2024,Wednesday,6,2024,1,24,62.570
559,1/24/2024,Wednesday,7,2024,1,24,62.880
560,1/24/2024,Wednesday,8,2024,1,24,64.130
561,1/24/2024,Wednesday,9,2024,1,24,66.900
562,1/24/2024,Wednesday,10,2024,1,24,68.760
563,1/24/2024,Wednesday,11,2024,1,24,68.840
564,1/24/2024,Wednesday,12,2024,1,24,68.320
565,1/24/2024,Wednesday,13,2024,1,24,67.860
566,1/24/2024,Wednesday,14,2024,1,24,67.460
567,1/24/2024,Wednesday,15,2024,1,24,65.210
568,1/24/2024,Wednesday,16,2024,1,24,62.630
569,1/24/2024,Wednesday,17,2024,1,24,65.000
570,1/24/2024,Wednesday,18,2024,1,24,66.860
571,1/24/2024,Wednesday,19,2024,1,24,68.100
572,1/24/2024,Wednesday,20,2024,1,24,67.230
573,1/24/2024,Wednesday,21,2024,1,24,68.470
574,1/24/2024,Wednesday,22,2024,1,24,74.160
575,1/24/2024,Wednesday,23,2024,1,24,67.250
576,1/24/2024,Wednesday,24,2024,1,24,65.940
577,1/25/2024,Thursday,1,2024,1,25,64.670
578,1/25/2024,Thursday,2,2024,1,25,74.160
579,1/25/2024,Thursday,3,2024,1,25,74.160
580,1/25/2024,Thursday,4,2024,1,25,65.480
581,1/25/2024,Thursday,5,2024,1,25,63.490
582,1/25/2024,Thursday,6,2024,1,25,63.490
583,1/25/2024,Thursday,7,2024,1,25,63.490
584,1/25/2024,Thursday,8,2024,1,25,63.490
585,1/25/2024,Thursday,9,2024,1,25,65.050
586,1/25/2024,Thursday,10,2024,1,25,65.480
587,1/25/2024,Thursday,11,2024,1,25,67.860
588,1/25/2024,Thursday,12,2024,1,25,64.360
589,1/25/2024,Thursday,13,2024,1,25,63.750
590,1/25/2024,Thursday,14,2024,1,25,64.470
591,1/25/2024,Thursday,15,2024,1,25,62.440
592,1/25/2024,Thursday,16,2024,1,25,61.210
593,1/25/2024,Thursday,17,2024,1,25,61.470
594,1/25/2024,Thursday,18,2024,1,25,63.000
595,1/25/2024,Thursday,19,2024,1,25,64.000
596,1/25/2024,Thursday,20,2024,1,25,64.760
597,1/25/2024,Thursday,21,2024,1,25,66.010
598,1/25/2024,Thursday,22,2024,1,25,74.160
599,1/25/2024,Thursday,23,2024,1,25,67.670
600,1/25/2024,Thursday,24,2024,1,25,66.690
601,1/26/2024,Friday,1,2024,1,26,65.590
602,1/26/2024,Friday,2,2024,1,26,63.540
603,1/26/2024,Friday,3,2024,1,26,60.600
604,1/26/2024,Friday,4,2024,1,26,58.870
605,1/26/2024,Friday,5,2024,1,26,54.500
606,1/26/2024,Friday,6,2024,1,26,50.060
607,1/26/2024,Friday,7,2024,1,26,57.730
608,1/26/2024,Friday,8,2024,1,26,57.840
609,1/26/2024,Friday,9,2024,1,26,51.570
610,1/26/2024,Friday,10,2024,1,26,50.000
611,1/26/2024,Friday,11,2024,1,26,55.390
612,1/26/2024,Friday,12,2024,1,26,44.980
613,1/26/2024,Friday,13,2024,1,26,44.110
614,1/26/2024,Friday,14,2024,1,26,35.260
615,1/26/2024,Friday,15,2024,1,26,30.000
616,1/26/2024,Friday,16,2024,1,26,30.000
617,1/26/2024,Friday,17,2024,1,26,33.810
618,1/26/2024,Friday,18,2024,1,26,57.840
619,1/26/2024,Friday,19,2024,1,26,62.210
620,1/26/2024,Friday,20,2024,1,26,64.520
621,1/26/2024,Friday,21,2024,1,26,68.430
622,1/26/2024,Friday,22,2024,1,26,75.780
623,1/26/2024,Friday,23,2024,1,26,75.330
624,1/26/2024,Friday,24,2024,1,26,74.160
625,1/27/2024,Saturday,1,2024,1,27,67.870
626,1/27/2024,Saturday,2,2024,1,27,62.390
627,1/27/2024,Saturday,3,2024,1,27,61.790
628,1/27/2024,Saturday,4,2024,1,27,57.000
629,1/27/2024,Saturday,5,2024,1,27,52.130
630,1/27/2024,Saturday,6,2024,1,27,52.130
631,1/27/2024,Saturday,7,2024,1,27,57.060
632,1/27/2024,Saturday,8,2024,1,27,61.200
633,1/27/2024,Saturday,9,2024,1,27,64.100
634,1/27/2024,Saturday,10,2024,1,27,68.240
635,1/27/2024,Saturday,11,2024,1,27,67.410
636,1/27/2024,Saturday,12,2024,1,27,67.120
637,1/27/2024,Saturday,13,2024,1,27,61.000
638,1/27/2024,Saturday,14,2024,1,27,60.110
639,1/27/2024,Saturday,15,2024,1,27,60.090
640,1/27/2024,Saturday,16,2024,1,27,60.090
641,1/27/2024,Saturday,17,2024,1,27,63.000
642,1/27/2024,Saturday,18,2024,1,27,67.980
643,1/27/2024,Saturday,19,2024,1,27,70.250
644,1/27/2024,Saturday,20,2024,1,27,70.890
645,1/27/2024,Saturday,21,2024,1,27,73.520
646,1/27/2024,Saturday,22,2024,1,27,74.830
647,1/27/2024,Saturday,23,2024,1,27,72.510
648,1/27/2024,Saturday,24,2024,1,27,71.740
649,1/28/2024,Sunday,1,2024,1,28,68.520
650,1/28/2024,Sunday,2,2024,1,28,65.580
651,1/28/2024,Sunday,3,2024,1,28,60.500
652,1/28/2024,Sunday,4,2024,1,28,58.360
653,1/28/2024,Sunday,5,2024,1,28,55.580
654,1/28/2024,Sunday,6,2024,1,28,56.230
655,1/28/2024,Sunday,7,2024,1,28,59.520
656,1/28/2024,Sunday,8,2024,1,28,64.690
657,1/28/2024,Sunday,9,2024,1,28,70.000
658,1/28/2024,Sunday,10,2024,1,28,72.180
659,1/28/2024,Sunday,11,2024,1,28,66.000
660,1/28/2024,Sunday,12,2024,1,28,63.820
661,1/28/2024,Sunday,13,2024,1,28,61.930
662,1/28/2024,Sunday,14,2024,1,28,61.840
663,1/28/2024,Sunday,15,2024,1,28,60.930
664,1/28/2024,Sunday,16,2024,1,28,61.000
665,1/28/2024,Sunday,17,2024,1,28,63.000
666,1/28/2024,Sunday,18,2024,1,28,68.600
667,1/28/2024,Sunday,19,2024,1,28,71.950
668,1/28/2024,Sunday,20,2024,1,28,74.970
669,1/28/2024,Sunday,21,2024,1,28,77.300
670,1/28/2024,Sunday,22,2024,1,28,82.510
671,1/28/2024,Sunday,23,2024,1,28,74.460
672,1/28/2024,Sunday,24,2024,1,28,72.140
673,1/29/2024,Monday,1,2024,1,29,67.290
674,1/29/2024,Monday,2,2024,1,29,64.080
675,1/29/2024,Monday,3,2024,1,29,62.400
676,1/29/2024,Monday,4,2024,1,29,60.020
677,1/29/2024,Monday,5,2024,1,29,59.970
678,1/29/2024,Monday,6,2024,1,29,59.980
679,1/29/2024,Monday,7,2024,1,29,62.130
680,1/29/2024,Monday,8,2024,1,29,66.900
681,1/29/2024,Monday,9,2024,1,29,71.950
682,1/29/2024,Monday,10,2024,1,29,73.660
683,1/29/2024,Monday,11,2024,1,29,73.660
684,1/29/2024,Monday,12,2024,1,29,68.810
685,1/29/2024,Monday,13,2024,1,29,67.000
686,1/29/2024,Monday,14,2024,1,29,67.000
687,1/29/2024,Monday,15,2024,1,29,67.000
688,1/29/2024,Monday,16,2024,1,29,67.000
689,1/29/2024,Monday,17,2024,1,29,67.000
690,1/29/2024,Monday,18,2024,1,29,72.530
691,1/29/2024,Monday,19,2024,1,29,72.900
692,1/29/2024,Monday,20,2024,1,29,74.780
693,1/29/2024,Monday,21,2024,1,29,74.900
694,1/29/2024,Monday,22,2024,1,29,74.830
695,1/29/2024,Monday,23,2024,1,29,70.740
696,1/29/2024,Monday,24,2024,1,29,69.840
697,1/30/2024,Tuesday,1,2024,1,30,67.000
698,1/30/2024,Tuesday,2,2024,1,30,72.020
699,1/30/2024,Tuesday,3,2024,1,30,70.000
700,1/30/2024,Tuesday,4,2024,1,30,73.660
701,1/30/2024,Tuesday,5,2024,1,30,73.660
702,1/30/2024,Tuesday,6,2024,1,30,73.660
703,1/30/2024,Tuesday,7,2024,1,30,73.660
704,1/30/2024,Tuesday,8,2024,1,30,75.270
705,1/30/2024,Tuesday,9,2024,1,30,72.500
706,1/30/2024,Tuesday,10,2024,1,30,74.830
707,1/30/2024,Tuesday,11,2024,1,30,74.830
708,1/30/2024,Tuesday,12,2024,1,30,74.830
709,1/30/2024,Tuesday,13,2024,1,30,73.660
710,1/30/2024,Tuesday,14,2024,1,30,73.660
711,1/30/2024,Tuesday,15,2024,1,30,73.110
712,1/30/2024,Tuesday,16,2024,1,30,70.310
713,1/30/2024,Tuesday,17,2024,1,30,73.660
714,1/30/2024,Tuesday,18,2024,1,30,73.660
715,1/30/2024,Tuesday,19,2024,1,30,73.660
716,1/30/2024,Tuesday,20,2024,1,30,73.660
717,1/30/2024,Tuesday,21,2024,1,30,74.830
718,1/30/2024,Tuesday,22,2024,1,30,76.100
719,1/30/2024,Tuesday,23,2024,1,30,74.830
720,1/30/2024,Tuesday,24,2024,1,30,74.830
721,1/31/2024,Wednesday,1,2024,1,31,71.160
722,1/31/2024,Wednesday,2,2024,1,31,71.370
723,1/31/2024,Wednesday,3,2024,1,31,73.660
724,1/31/2024,Wednesday,4,2024,1,31,68.000
725,1/31/2024,Wednesday,5,2024,1,31,68.000
726,1/31/2024,Wednesday,6,2024,1,31,67.880
727,1/31/2024,Wednesday,7,2024,1,31,69.670
728,1/31/2024,Wednesday,8,2024,1,31,72.530
729,1/31/2024,Wednesday,9,2024,1,31,72.530
730,1/31/2024,Wednesday,10,2024,1,31,74.700
731,1/31/2024,Wednesday,11,2024,1,31,74.400
732,1/31/2024,Wednesday,12,2024,1,31,73.660
733,1/31/2024,Wednesday,13,2024,1,31,73.490
734,1/31/2024,Wednesday,14,2024,1,31,72.500
735,1/31/2024,Wednesday,15,2024,1,31,71.000
736,1/31/2024,Wednesday,16,2024,1,31,70.800
737,1/31/2024,Wednesday,17,2024,1,31,72.530
738,1/31/2024,Wednesday,18,2024,1,31,73.000
739,1/31/2024,Wednesday,19,2024,1,31,73.010
740,1/31/2024,Wednesday,20,2024,1,31,74.020
741,1/31/2024,Wednesday,21,2024,1,31,74.830
742,1/31/2024,Wednesday,22,2024,1,31,74.830
743,1/31/2024,Wednesday,23,2024,1,31,72.530
744,1/31/2024,Wednesday,24,2024,1,31,69.980